label,intensidade,simetria
0,145.43529,148.57256
0,118.57647,137.11372
0,127.6,134.04706
0,138.04706,151.00392
0,146.21568,122.50196
0,128.07451,157.6549
0,136.97647,156.38431
0,131.24313,140.54118
0,142.9451,145.42744
0,129.09804,141.8353
0,128.87059,148.06274
0,130.61177,146.43137
0,129.39215,122.65882
0,137.51765,118.17255
0,157.80392,143.41176
0,126.28628,119.63137
0,131.4196,126.70588
0,140.28235,121.18431
0,148.4196,149.81177
0,136.99608,157.31764
0,140.1647,132.87843
0,154.2549,151.24706
0,126.56863,140.38431
0,129.64314,148.73726
0,132.58432,132.14117
0,127.16078,154.55687
0,151.49803,139.81961
0,135.70197,138.03922
0,145.41568,142.12549
0,134.79608,150.99608
0,147.81177,139.52158
0,136.41568,142.73726
0,154.39215,148.29019
0,135.67844,118.47059
0,136.7255,135.2549
0,157.1647,144.44705
0,129.92157,145.96863
0,141.82353,160.44705
0,147.66667,136.48627
0,125.411766,138.1647
0,142.37646,133.63922
0,155.44705,130.25882
0,144.82745,137.7255
0,134.54903,132.61961
0,136.4549,138.41568
0,132.77255,155.84314
0,151.50981,129.42744
0,139.06667,140.55687
0,123.54902,153.0196
0,123.52157,118.384315
0,120.435295,137.60785
0,150.03922,126.33726
0,123.32157,151.91373
0,143.07059,140.70589
0,133.39215,127.26275
0,118.909805,139.43529
0,141.2,121.6549
0,146.7255,146.5255
0,142.38039,156.72942
0,116.39216,131.39607
0,122.23921,150.4
0,151.91765,142.97255
0,142.04706,145.2
0,129.10196,156.24313
0,122.84706,129.79608
0,154.10588,149.56863
0,127.88628,120.57255
0,145.53726,134.98824
0,131.93333,139.38039
0,133.18431,137.19215
0,138.37254,115.09804
0,123.70588,143.26274
0,128.37254,150.99608
0,141.23529,121.67843
0,134.16078,123.8353
0,141.56863,116.49412
0,133.30196,154.50981
0,142.22745,137.51373
0,153.62746,145.96863
0,133.76863,118.13333
0,123.87451,141.2549
0,139.81177,125.49804
0,129.75294,131.32549
0,125.86667,156.47842
0,150.40392,155.52942
0,152.46274,153.2549
0,123.43137,118.31373
0,130.93726,157.57648
0,115.31765,142.06274
0,143.68236,122.219604
0,124.23529,126.61176
0,129.19215,135.8902
0,114.329414,130.90196
0,124.26275,126.60392
0,115.89804,144.56471
0,136.4549,139.70197
0,138.24706,130.7451
0,152.58432,147.34117
0,121.5451,149.90588
0,118.07843,151.85883
0,121.35294,123.67843
0,128.4196,131.77255
0,137.62354,158.61177
0,118.2902,126.35294
0,127.196075,153.49019
0,123.91765,139.74902
0,153.04706,129.17647
0,138.45882,144.80785
0,128.61961,118.588234
0,130.36862,151.18431
0,129.70197,147.3098
0,119.60392,129.58432
0,157.29411,134.9804
0,145.6706,119.75687
0,128.22353,131.39607
0,140.23529,148.08627
0,132.17647,154.4549
0,140.8,146.75294
0,156.61569,134.36078
0,121.18039,131.05882
0,120.43137,149.92941
0,155.8,147.70981
0,134.85883,126.07843
0,140.10196,137.71765
0,121.94118,135.1451
0,150.5804,127.81961
0,133.38039,129.97647
0,156.13333,133.61569
0,140.97255,133.05882
0,120.807846,131.80392
0,118.05098,129.0196
0,145.01176,133.60785
0,134.07451,137.74902
0,157.06667,135.24706
0,118.07059,134.8
0,151.5804,130.03137
0,141.2196,142.98824
0,128.35686,157.45097
0,122.03529,140.18823
0,112.87843,137.6706
0,144.9098,122.117645
0,128.31764,156.75294
0,138.21568,128.35294
0,142.37254,147.26274
0,122.27059,127.52157
0,118.694115,130.75294
0,136.27058,147.38039
0,120.58431,153.64706
0,124.71764,129.81961
0,138.30196,150.0
0,148.33333,138.18823
0,124.49412,119.36471
0,130.05882,153.29411
0,148.80785,120.70588
0,121.411766,133.29411
0,151.41568,132.47058
0,158.19215,140.76863
0,138.4196,116.96471
0,143.93726,154.30588
0,131.27843,135.10588
0,138.9804,141.8902
0,118.73725,135.08235
0,150.44705,155.16078
0,142.6,121.27059
0,142.25098,126.83922
0,142.93333,147.02745
0,120.619606,136.6902
0,154.82745,130.65099
0,150.90588,132.9647
0,114.95294,146.00784
0,130.29803,134.22745
0,151.16078,120.32157
0,119.25883,129.85098
0,131.33333,135.58432
0,140.98431,118.1647
0,145.06274,142.51765
0,118.10196,139.32549
0,114.87451,147.97647
0,150.49411,148.50197
0,144.73334,153.34117
0,121.52549,123.38824
0,144.41568,123.79608
0,149.01569,143.68628
0,131.61961,142.77647
0,128.05098,120.831375
0,116.05098,133.75687
0,155.35294,126.81569
0,131.68236,155.51373
0,155.05882,142.47842
0,142.53334,128.86275
0,137.32549,134.76863
0,126.803925,116.5098
0,126.07843,121.91373
0,142.57648,143.70197
0,135.75294,130.9098
0,136.57648,154.24313
0,125.76079,143.02745
0,145.64314,135.76471
0,143.05882,122.41569
0,128.13725,125.6549
0,152.5804,133.74902
0,115.00784,144.24313
0,144.74118,156.25882
0,131.06274,144.5255
0,152.6,148.90196
0,147.07059,158.50981
0,152.70197,131.0196
0,127.776474,132.19608
0,137.7255,157.56863
0,124.329414,149.96863
0,141.65883,153.9451
0,129.39215,131.06667
0,138.25098,154.9804
0,147.70981,132.09412
0,144.03922,118.07843
0,121.99216,147.64706
0,135.31764,144.4549
0,137.83922,127.85098
0,121.03137,153.89804
0,133.4549,155.49019
0,150.3294,150.79216
0,141.16078,122.42353
0,123.72941,149.18431
0,133.82353,148.83922
0,156.06667,142.23529
0,141.03922,130.07843
0,117.21568,148.72942
0,158.85098,142.30588
0,133.69804,161.00392
0,137.07843,159.70981
0,122.81177,154.53334
0,129.63922,144.33725
0,140.53334,142.57256
0,125.74117,119.41961
0,149.84314,150.07843
0,120.2,136.43137
0,126.50588,145.87451
0,153.25882,136.69804
0,140.16862,143.27843
0,122.13333,148.48627
0,149.9451,131.89804
0,145.86667,123.07451
0,125.219604,144.64314
0,125.87059,148.07843
0,136.06667,138.2745
0,124.81569,134.60393
0,122.81569,130.09412
0,126.20784,130.83922
0,128.26274,149.17647
0,124.435295,154.90196
0,131.27843,143.73334
0,125.329414,128.03137
0,133.28235,122.99608
0,119.537254,154.08627
0,135.09412,127.99216
0,136.38431,138.36862
0,120.86667,136.15686
0,112.592155,135.71765
0,127.23137,158.61961
0,129.87059,150.76079
0,154.07059,136.87059
0,119.60392,152.99608
0,124.807846,154.73726
0,126.71372,137.33333
0,152.07059,131.3647
0,115.95686,137.87451
0,146.38823,144.37646
0,130.29803,159.81177
0,134.53726,145.51373
0,117.67843,137.06667
0,124.196075,146.5255
0,132.0,117.73333
0,119.694115,131.23921
0,120.988235,149.10588
0,140.6902,141.86667
0,139.04706,118.53333
0,133.99608,133.53726
0,112.745094,135.66275
0,134.10196,147.00392
0,120.07843,131.52942
0,118.588234,140.3451
0,148.69804,144.3294
0,143.26666,131.64706
0,119.721565,149.08235
0,136.7804,160.48627
0,137.06667,117.49804
0,146.07451,121.6549
0,119.94902,135.74118
0,154.0196,144.87843
0,134.08235,149.53726
0,143.22745,126.35294
0,128.38823,116.37647
0,145.49019,148.01569
0,131.0549,122.02353
0,132.6549,128.03137
0,139.3098,149.34901
0,120.619606,145.3098
0,127.2902,129.49803
0,151.54903,149.11372
0,146.79608,126.09412
0,145.40784,159.10588
0,116.039215,135.90588
0,117.39216,126.988235
0,131.07843,126.94902
0,132.61569,129.8353
0,138.0902,116.95686
0,115.87843,135.21568
0,144.53334,147.8902
0,139.21568,131.19215
0,151.2549,133.1451
0,138.03137,122.70588
0,144.54903,130.14902
0,123.04314,147.02745
0,139.3647,138.11765
0,136.72157,133.21568
0,127.13333,134.3451
0,152.16078,143.96078
0,140.22745,131.86667
0,131.61569,144.31372
0,143.97647,139.16078
0,128.97647,152.59608
0,130.28235,148.88628
0,132.07843,116.50196
0,149.38431,152.17255
0,118.63137,151.6549
0,119.37647,121.84314
0,151.32156,136.33725
0,132.1098,157.35686
0,124.749016,140.32156
0,140.05882,150.54903
0,127.72941,127.30981
0,152.07451,139.3647
0,139.49803,133.87451
0,120.28628,140.01569
0,150.19608,129.63922
0,133.07451,140.49411
0,140.29019,133.51373
0,131.12157,130.1098
0,127.90588,143.49803
0,117.74117,127.615685
0,122.44706,139.63138
0,153.03137,141.79608
0,148.36078,154.44705
0,136.15686,114.90196
0,154.18823,139.62354
0,130.78824,124.82353
0,131.85098,118.76079
0,122.62745,137.37254
0,122.30196,121.76471
0,142.28235,146.28235
0,126.81569,117.937256
0,137.26666,148.11765
0,120.8,127.28628
0,140.31372,145.59216
0,126.32157,159.38823
0,132.41568,138.8549
0,138.61569,152.72157
0,126.89804,156.71373
0,158.40784,143.40392
0,135.6902,127.12941
0,142.86667,119.52157
0,121.39216,139.96863
0,153.54903,130.23529
0,130.96863,146.86275
0,139.67844,139.49803
0,120.05098,152.87059
0,143.9451,143.09804
0,136.19608,131.64706
0,122.61176,147.77255
0,136.12941,117.8353
0,128.20784,131.45097
0,126.12157,127.97647
0,137.25098,119.46667
0,146.13333,121.28628
0,120.619606,143.56079
0,135.94118,147.88235
0,149.71373,145.30196
0,149.67844,146.73726
0,124.89412,142.64314
0,146.75687,126.44706
0,145.9451,141.75687
0,137.27058,158.76863
0,144.29803,129.85883
0,129.21176,154.76079
0,118.52549,134.5255
0,128.92157,120.29804
0,116.486275,128.91765
0,150.11372,123.09804
0,124.666664,151.4745
0,147.33725,141.67844
0,139.36078,154.69804
0,129.11372,160.25098
0,154.56471,143.17647
0,127.20784,156.97255
0,120.69804,123.72549
0,139.29411,115.77255
0,148.07059,150.9098
0,128.4549,126.17255
0,140.5255,138.10196
0,140.74902,135.9451
0,130.9647,151.09804
0,136.64314,149.8902
0,128.12549,138.69804
0,136.6353,135.6706
0,124.196075,143.69412
0,126.64706,154.03922
0,133.16078,126.47843
0,136.18039,147.89804
0,121.87843,149.78824
0,131.81569,118.250984
0,126.03529,149.76471
0,113.76471,143.82745
0,120.090195,138.79216
0,115.721565,127.97647
0,142.1451,143.3098
0,131.4196,119.71764
0,137.51373,127.8353
0,124.29412,125.21568
0,136.06274,138.78432
0,113.513725,134.25098
0,135.0,119.803925
0,150.91373,152.95686
0,139.94902,137.77255
0,131.17647,136.9804
0,114.94118,138.15686
1,44.70196,69.27059
1,59.85098,83.44314
1,48.55294,79.04314
1,69.435295,72.87843
1,51.541176,84.61176
1,46.67451,80.4
1,48.098038,79.08235
1,46.819607,78.141174
1,56.517647,79.011765
1,63.152943,62.862743
1,48.02745,77.78824
1,47.82353,82.1647
1,52.22745,69.7098
1,48.125492,72.88628
1,60.870586,69.74117
1,48.83137,78.831375
1,52.64706,72.666664
1,53.784313,75.52941
1,45.941177,75.6549
1,63.635296,73.50588
1,51.627453,82.08627
1,54.95294,68.28236
1,54.090195,74.117645
1,58.137257,89.254906
1,57.1451,84.18039
1,47.611763,65.96863
1,57.454903,81.79608
1,54.796078,64.52549
1,50.188236,82.41569
1,66.10196,69.52157
1,49.486275,73.82745
1,58.04706,87.47451
1,60.215687,81.57647
1,45.91765,78.96471
1,49.32941,63.49804
1,66.8902,59.52157
1,67.90588,85.63137
1,57.160786,85.85098
1,46.482353,66.305885
1,57.45098,88.1098
1,52.22745,70.62745
1,44.376472,72.141174
1,46.807842,78.95686
1,55.77255,74.76863
1,50.870586,62.203922
1,60.10588,70.20392
1,46.67451,65.5451
1,62.015686,65.85098
1,64.49804,82.61176
1,48.070587,80.807846
1,51.560783,71.55294
1,47.54902,65.9451
1,60.384315,72.1098
1,45.490196,78.619606
1,49.192158,84.04706
1,68.68627,64.21176
1,53.47843,79.62353
1,44.64314,70.83922
1,46.1451,75.41961
1,56.486275,80.8
1,65.34902,72.67451
1,52.52549,81.90588
1,50.517647,61.513725
1,62.47451,70.23529
1,57.509804,86.933334
1,51.192158,74.3451
1,61.44314,85.356865
1,57.211765,70.486275
1,53.188236,79.223526
1,57.439217,71.20784
1,65.30981,64.65098
1,68.72549,85.45098
1,48.7451,82.29804
1,51.164707,69.12157
1,55.031372,83.04314
1,65.9451,74.8
1,68.780396,76.42353
1,69.49412,65.64706
1,69.250984,60.97255
1,55.44706,65.30196
1,55.709805,63.2
1,56.25098,81.23137
1,54.333332,82.02353
1,67.254906,62.14118
1,44.69804,72.854904
1,49.72157,77.458824
1,48.615685,71.66274
1,46.462746,69.16078
1,51.97647,68.015686
1,50.568626,67.09804
1,62.705883,64.35294
1,49.02353,82.03137
1,64.4902,67.168625
1,53.77255,87.73333
1,65.03529,86.76079
1,70.1098,70.76863
1,48.933334,80.65098
1,51.77647,70.015686
1,53.27451,67.00392
1,57.14902,64.09412
1,46.64314,66.69804
1,57.235294,86.43137
1,60.27843,85.513725
1,50.164707,84.933334
1,44.2549,75.71764
1,57.52941,76.00784
1,54.07451,86.4
1,66.305885,85.192154
1,46.24706,72.462746
1,65.70588,64.79216
1,65.23921,88.462746
1,66.97255,62.792156
1,51.737255,71.50588
1,60.94902,84.70588
1,72.8902,77.937256
1,55.941177,77.40392
1,56.313725,72.97255
1,55.043137,62.52549
1,52.262745,81.08235
1,49.82353,82.5098
1,59.384315,69.7098
1,54.69412,71.95294
1,46.231373,76.89412
1,64.4,68.854904
1,59.011765,67.7098
1,46.203922,79.13725
1,49.560783,64.43137
1,53.04706,81.00392
1,45.662746,70.89412
1,62.592155,81.592155
1,52.043137,86.65882
1,72.13333,71.23921
1,57.180393,64.57255
1,59.188236,64.95686
1,52.52549,73.356865
1,51.537254,73.86667
1,47.345097,79.04314
1,48.91765,81.937256
1,58.294117,74.00784
1,56.02745,85.63137
1,45.47451,73.780396
1,65.23529,85.458824
1,64.81569,59.52941
1,55.22353,81.10588
1,47.905884,81.27059
1,47.462746,76.20392
1,64.79216,61.2
1,59.207844,65.411766
1,50.364704,83.8353
1,52.92157,62.44706
1,61.866665,62.32941
1,68.54902,61.372547
1,51.07451,74.69019
1,46.682354,77.937256
1,57.309803,79.356865
1,69.49804,80.33726
1,50.69412,65.2
1,50.623528,63.372547
1,50.17647,71.68627
1,46.58039,76.76863
1,52.333332,76.50196
1,64.94118,61.364704
1,48.57647,63.317646
1,45.513725,74.305885
1,66.0549,61.090195
1,57.207844,58.211765
1,59.933334,80.37647
1,55.807842,68.50196
1,60.368626,79.56078
1,50.6,63.207844
1,51.717648,65.34118
1,56.380394,87.411766
1,48.039215,84.062744
1,45.741177,66.69019
1,54.094116,67.10588
1,65.615685,69.56863
1,56.321568,64.82353
1,50.52941,79.70196
1,50.27843,64.55686
1,50.7451,73.090195
1,51.231373,68.94118
1,55.760784,82.909805
1,64.82745,78.65098
1,49.560783,77.984314
1,66.168625,77.145096
1,57.82353,74.10196
1,46.086273,80.98039
1,53.231373,65.278435
1,63.39608,77.04314
1,52.44706,84.141174
1,73.67451,68.70588
1,46.407845,82.00784
1,62.458824,72.0
1,54.066666,85.30196
1,44.109802,76.18039
1,63.72157,86.90196
1,53.815685,84.062744
1,50.80392,78.43922
1,72.34902,74.28236
1,66.37647,85.63921
1,71.69804,67.46667
1,60.64706,78.141174
1,53.67059,75.72549
1,50.427452,64.250984
1,74.55686,73.02745
1,68.513725,65.356865
1,53.67451,87.91373
1,58.666668,87.37255
1,53.486275,83.40392
1,50.713726,86.36079
1,65.42745,70.41569
1,53.0549,86.807846
1,56.090195,67.09804
1,52.32549,72.73725
1,61.99608,77.8902
1,58.345097,86.90196
1,45.39608,78.039215
1,62.02353,76.909805
1,62.792156,81.6
1,45.368626,76.65882
1,62.992157,72.196075
1,55.031372,86.03137
1,47.537254,66.02353
1,48.796078,76.21176
1,72.619606,67.23137
1,71.83922,73.21568
1,59.517647,76.462746
1,61.32941,78.62745
1,53.043137,60.21961
1,48.792156,64.08627
1,44.14902,74.564705
1,58.039215,77.47451
1,56.83137,86.42353
1,49.69804,80.32157
1,57.031372,79.76471
1,53.282352,76.53333
1,44.07451,72.94118
1,47.372547,80.57255
1,60.513725,86.141174
1,52.956863,66.94118
1,51.835293,79.39608
1,55.164707,70.31373
1,59.662746,74.831375
1,51.333332,84.745094
1,69.062744,82.2902
1,58.25098,67.92941
1,47.133335,74.541176
1,65.27059,72.50196
1,67.20392,80.98039
1,46.83137,67.278435
1,58.45098,85.435295
1,64.01961,74.384315
1,45.909805,67.07451
1,49.42353,74.68235
1,51.611763,87.12157
1,63.85882,82.250984
1,58.02353,71.16078
1,60.843136,64.73725
1,50.815685,63.80392
1,49.588234,73.56078
1,67.960785,64.250984
1,56.52941,76.31373
1,68.26275,67.23921
1,45.839214,72.37647
1,48.52941,62.337254
1,57.639217,77.00392
1,46.090195,73.27059
1,62.360783,61.505882
1,61.125492,73.23921
1,54.83137,65.64706
1,56.815685,72.28236
1,54.77647,80.52549
1,45.639217,74.65882
1,54.345097,67.44314
1,45.615685,66.42353
1,46.70196,66.141174
1,54.1451,87.882355
1,55.870586,84.70588
1,44.031372,75.15294
1,51.341175,82.4
1,47.407845,67.89804
1,57.44314,86.643135
1,49.890198,67.57647
1,59.568626,81.984314
1,58.10196,86.98039
1,47.686275,70.09412
1,51.956863,72.84706
1,69.76079,68.41569
1,44.02353,72.04706
1,51.45098,73.39608
1,51.160786,67.57647
1,46.235294,81.77255
1,64.20392,61.098038
1,44.984314,69.92941
1,48.337254,79.28628
1,52.913727,88.02353
1,47.878433,83.90588
1,51.360783,86.18823
1,54.266666,82.36079
1,49.282352,75.46667
1,53.0549,72.28236
1,47.17255,76.87843
1,52.27843,84.53333
1,63.52549,60.007843
1,53.02745,75.380394
1,57.403923,87.960785
1,58.19608,72.17255
1,61.368626,87.99216
1,72.254906,74.69019
1,50.345097,79.44314
1,47.85098,75.803925
1,53.031372,66.59608
1,50.207844,84.54902
1,56.2,86.33726
1,52.82745,82.31373
1,45.756863,68.666664
1,62.82353,87.70196
1,54.431374,85.090195
1,63.82745,73.011765
1,57.466667,85.21568
1,45.737255,76.43137
1,47.729412,75.02745
1,46.819607,82.745094
1,54.83137,87.7098
1,56.337254,82.28236
1,55.30196,88.94118
1,53.901962,73.47451
1,54.282352,88.250984
1,64.42353,59.011765
1,62.0549,77.00392
1,53.08235,68.854904
1,58.886276,73.090195
1,51.403923,74.20392
1,50.47843,70.33726
1,71.25883,82.92549
1,58.1451,89.46667
1,53.658825,81.03529
1,61.19608,68.55686
1,52.611763,87.411766
1,53.011765,75.44314
1,64.305885,64.02353
1,65.250984,81.23921
1,43.97255,71.76471
1,53.901962,66.03137
1,69.090195,61.49804
1,51.215687,84.117645
1,64.776474,80.50196
1,49.77255,73.52157
1,48.239216,71.247055
1,44.517647,77.780396
1,45.52549,69.011765
1,48.243137,68.95686
1,58.35294,86.98039
1,57.52549,73.011765
1,50.0549,77.32549
1,62.2,89.02745
1,72.380394,66.12549
1,50.97647,78.25883
1,53.733334,87.86667
1,65.38824,80.4549
1,55.070587,83.30196
1,44.258823,70.752945
1,49.368626,73.63137
1,50.882355,83.05098
1,46.35294,80.462746
1,58.82745,88.752945
1,50.592155,74.486275
1,51.282352,75.858826
1,55.35686,59.137257
1,50.7451,75.63137
1,49.517647,82.10196
1,68.8902,80.03137
1,49.89804,74.59608
1,45.290195,77.02745
1,55.415688,80.27451
1,58.17647,58.180393
1,58.792156,86.08627
1,57.874508,57.92157
1,45.113724,70.933334
1,71.670586,73.84314
1,62.44706,64.486275
1,53.27451,66.015686
1,58.364704,64.2902
1,62.9451,87.92157
1,46.658825,73.52157
1,67.749016,69.81961
1,45.02745,77.17647
1,74.21176,79.011765
1,52.24706,76.384315
1,61.133335,57.874508
1,72.34902,83.380394
1,47.94902,71.44314
1,69.168625,73.30196
1,57.458824,86.666664
1,66.30981,84.39216
1,62.72549,69.066666
1,51.639217,80.50196
1,50.403923,82.384315
1,50.55686,86.35294
1,50.364704,83.5451
1,53.47059,86.4549
1,61.639217,78.81569
1,58.435295,86.81569
1,68.91765,76.99608
1,49.427452,80.47843
1,72.84706,76.22745
1,46.69412,67.84314
1,64.00392,69.9451
1,48.584312,83.62353
1,54.77647,83.192154
1,59.505882,67.95294
1,55.317646,60.0549
1,49.345097,77.79608
1,71.776474,65.70196
1,52.490196,72.3451
1,62.94902,80.76079
1,44.60392,77.45098
1,66.50196,66.407845
1,61.07451,87.26275
1,64.02745,86.43922
1,59.333332,89.08235
1,46.733334,75.192154
1,64.062744,79.670586
1,53.494118,83.615685
1,45.376472,76.07059
1,61.784313,71.00392
1,48.968628,77.04314
1,58.513725,86.87059
1,57.85098,83.513725
1,49.768627,65.36471
1,50.662746,84.721565
1,50.098038,74.94902
1,69.81569,67.58431
1,53.121567,69.2
1,52.8549,79.16078
1,63.878433,86.10196
1,72.937256,79.34902
1,72.02353,65.090195
1,59.243137,79.91373
1,50.509804,80.97255
1,53.10196,84.18039
1,56.533333,81.28628
1,53.89804,87.803925
1,58.537254,84.51765
1,51.807842,67.435295
1,52.2549,60.39216
1,57.482353,63.333332
1,69.60392,74.71372
1,51.654903,81.57647
1,66.1647,86.73725
1,56.403923,63.796078
1,63.729412,85.537254
1,48.901962,68.49412
1,55.55686,80.666664
1,52.64314,78.04706
1,51.35294,64.44706
1,48.19608,77.615685
1,67.5098,77.23921
1,59.541176,74.015686
1,58.7451,65.37255
1,61.662746,69.75687
1,61.266666,82.5098
1,45.08235,74.24313
1,62.321568,70.31373
1,52.784313,66.02353
1,50.129414,62.42353
1,46.490196,77.52157
1,54.929413,87.858826
1,52.639217,73.937256
1,48.60784,73.6
1,53.44706,86.1098
1,52.266666,87.513725
1,47.64314,75.82745
1,64.145096,74.03137
1,52.57647,84.564705
1,49.098038,72.44706
1,74.380394,77.168625
1,73.15294,74.62745
1,51.99608,85.60784
1,61.27451,69.74117
1,57.764706,64.909805
1,66.71372,73.63921
1,52.811764,81.803925
1,53.69412,70.68235
1,54.89804,68.384315
1,58.909805,85.066666
1,59.42353,77.90588
1,65.039215,78.04706
1,50.768627,72.07843
1,74.15686,68.90196
1,59.901962,70.0
1,48.91765,73.63137
1,48.541176,70.28236
1,57.117645,89.278435
1,60.454903,81.333336
1,68.141174,73.46667
1,49.811764,79.21568
1,44.58039,77.84314
1,67.44706,84.00784
1,46.27451,78.039215
1,70.039215,78.1647
1,72.28236,76.69019
1,46.117645,75.71764
1,51.631374,82.41569
1,44.67451,74.24313
1,47.07451,66.26667
1,68.384315,75.537254
1,46.035294,72.83922
1,58.55686,79.32549
1,65.20392,84.25883
1,58.67451,82.96471
1,44.83137,72.76863
1,58.862743,82.2902
1,45.733334,81.15294
1,49.584312,76.79216
1,60.341175,69.28628
1,53.094116,75.67843
1,63.411766,79.73333
1,53.882355,73.29412
1,55.60392,75.86667
1,51.160786,85.09804
1,67.52549,83.011765
1,45.52549,80.541176
1,44.8549,79.090195
1,46.494118,72.71372
1,69.18431,68.141174
1,68.62745,75.81961
1,46.690197,77.70196
1,44.52549,75.56078
1,53.180393,84.96471
1,46.286274,72.84706
1,48.956863,72.20392
1,51.64706,83.36471
1,64.04314,61.52157
1,44.8549,78.57255
1,59.835293,59.388237
1,44.133335,73.56863
1,48.69804,83.32549
1,48.50196,77.60784
1,57.30588,78.933334
1,64.803925,66.97255
1,61.67059,69.29412
1,55.04706,87.458824
1,55.95294,60.91765
1,47.60784,77.6
1,58.988235,70.87059
1,56.486275,88.15686
1,58.54902,88.18823
1,59.94902,59.113724
1,47.584312,67.254906
1,56.67451,89.15294
1,53.04706,87.27059
1,63.109802,60.203922
1,55.984314,58.60392
1,52.376472,77.090195
1,58.913727,84.65098
1,59.415688,74.68235
1,47.22353,73.30981
1,71.97647,65.803925
1,53.207844,82.22745
1,64.564705,79.278435
1,45.25098,68.933334
1,46.05098,78.51765
1,50.27843,61.215687
1,60.309803,70.23529
1,52.415688,78.00784
1,60.372547,61.756863
1,50.592155,67.513725
1,67.60784,64.12549
1,48.211765,69.89804
1,59.05098,63.513725
1,51.77647,84.86275
1,48.011765,83.84314
1,55.098038,87.16078
1,68.36079,84.541176
1,52.890198,66.69019
1,46.345097,70.776474
1,54.709805,86.65098
1,62.988235,88.329414
1,49.623528,82.039215
1,67.55294,63.709805
1,64.92941,81.670586
1,58.184315,81.01961
1,45.768627,72.3451
1,50.341175,86.52549
1,55.031372,87.01961
1,54.52157,70.50196
1,65.36079,72.752945
1,54.368626,83.84314
1,51.290195,76.26667
1,48.615685,75.066666
1,47.58039,83.41961
1,54.517647,84.1098
1,45.75294,66.31373
1,58.376472,73.615685
1,57.321568,59.184315
1,50.24706,79.513725
1,57.52549,74.32157
1,48.337254,82.196075
1,59.756863,89.615685
1,55.929413,80.84706
1,69.42745,84.65098
1,69.12157,69.278435
1,58.639217,89.41961
1,57.16863,62.164707
1,70.10588,66.12549
1,67.411766,63.192158
1,51.67451,76.94902
4,83.78432,103.84314
4,98.909805,108.76079
4,96.73725,112.13333
4,98.82745,104.86275
4,87.64706,106.062744
4,84.70588,105.5451
4,85.76079,107.670586
4,88.90196,112.13333
4,108.6,108.52549
4,83.36471,101.67843
4,90.5098,107.72549
4,95.9451,112.13333
4,101.07843,102.99608
4,92.34118,92.35294
4,99.41569,110.20392
4,89.89804,106.55686
4,82.50196,107.62353
4,94.44706,105.62353
4,90.56078,107.12941
4,104.73333,101.9451
4,100.305885,116.1098
4,101.47843,107.03529
4,85.40392,94.39216
4,89.329414,99.64706
4,86.52157,104.23529
4,90.619606,110.69804
4,87.62353,113.66274
4,103.96471,104.20392
4,91.984314,93.79608
4,92.47451,109.18431
4,105.858826,107.39608
4,97.29412,116.89412
4,101.776474,111.34902
4,87.10196,101.26275
4,90.87059,91.95294
4,88.15686,100.65882
4,83.458824,109.694115
4,104.05098,112.03137
4,100.0549,113.08235
4,87.666664,105.592155
4,103.27059,95.34118
4,98.92941,103.40392
4,84.60784,109.97647
4,99.96471,114.41569
4,95.00392,115.9451
4,84.933334,96.17255
4,91.66274,109.8353
4,105.305885,102.643135
4,84.247055,112.619606
4,91.98039,102.141174
4,107.05098,110.305885
4,97.168625,101.63137
4,100.66274,105.92157
4,101.278435,110.015686
4,85.96471,104.854904
4,98.8353,114.36079
4,97.44706,106.35294
4,87.12941,94.0549
4,99.13333,100.462746
4,107.14902,111.99216
4,84.83922,99.63921
4,91.49804,94.4
4,90.933334,104.94118
4,83.72941,100.47843
4,83.9451,100.50196
4,92.168625,111.411766
4,93.15686,96.89412
4,95.01961,111.38824
4,88.882355,106.10196
4,91.39216,100.82353
4,83.05098,105.7098
4,104.8353,112.50196
4,85.17647,107.670586
4,91.96471,91.803925
4,99.52157,110.2902
4,87.752945,112.04706
4,89.02353,103.513725
4,102.71372,93.01961
4,103.168625,101.23921
4,88.356865,112.68235
4,102.42745,115.223526
4,101.141174,104.37647
4,84.75687,105.30981
4,88.882355,91.8353
4,92.40392,109.81177
4,88.70588,112.666664
4,91.588234,97.223526
4,87.909805,95.41961
4,86.59608,100.36863
4,91.46667,94.29804
4,84.141174,100.18823
4,108.30981,101.04314
4,90.3451,103.694115
4,89.05098,112.53333
4,101.0549,100.92549
4,88.588234,103.04314
4,99.254906,112.67451
4,95.015686,110.32157
4,88.62745,100.87059
4,86.26667,104.86275
4,92.63921,93.011765
4,104.4,94.62745
4,107.615685,103.23921
4,105.5098,104.31373
4,90.07451,111.380394
4,96.12941,113.13725
4,91.117645,99.05882
4,88.780396,108.329414
4,104.53333,111.74117
4,109.52549,104.5098
4,102.960785,114.92549
4,102.78432,108.33726
4,98.5098,113.090195
4,95.53333,111.11372
4,88.13725,100.12549
4,99.937256,101.278435
4,99.99608,105.458824
4,83.486275,100.89412
4,92.721565,110.15686
4,100.88628,106.10196
4,105.12157,110.015686
4,89.28236,101.07451
4,84.77255,110.84706
4,96.564705,106.33726
4,98.52941,112.02353
4,106.13725,96.68235
4,108.250984,104.78432
4,89.67451,105.46667
4,102.45098,92.70588
4,87.75687,102.76079
4,100.69804,111.71764
4,92.10196,106.87843
4,89.21568,99.52941
4,105.537254,108.87843
4,86.04706,109.23921
4,83.937256,105.89804
4,95.12941,111.882355
4,91.752945,103.34118
4,84.23137,104.3451
4,96.96863,116.72941
4,84.08627,96.29804
4,98.52549,98.79216
4,102.52549,110.219604
4,98.07451,111.97647
4,102.86275,112.82353
4,89.48235,92.776474
4,88.54902,115.694115
4,93.6,97.34902
4,87.28236,98.854904
4,108.79216,108.62745
4,94.11372,114.564705
4,95.0,99.57647
4,83.00784,104.27451
4,102.43137,108.384315
4,102.71764,109.12941
4,106.3451,103.05882
4,87.02353,106.76079
4,98.5451,102.776474
4,91.28628,104.776474
4,88.78824,92.91765
4,97.333336,111.435295
4,91.278435,117.00392
4,104.11372,100.43922
4,100.8353,115.9451
4,92.42353,96.0549
4,82.278435,108.18039
4,91.65098,99.670586
4,86.13333,104.94902
4,92.0549,115.05882
4,81.37255,105.07451
4,106.11372,110.541176
4,94.780396,112.219604
4,89.117645,102.88628
4,92.78824,103.44314
4,102.85098,115.63137
4,95.776474,109.91373
4,95.92941,101.92941
4,102.75687,105.70196
4,92.98039,96.69019
4,93.00784,117.56078
4,83.85098,105.50588
4,83.00392,104.69019
4,88.73725,104.61176
4,104.42745,114.49412
4,96.07843,100.854904
4,100.2,115.21568
4,88.780396,93.86667
4,86.10196,102.807846
4,101.76471,111.780396
4,96.82745,116.27451
4,86.61176,104.88628
4,90.31373,101.60784
4,87.36079,108.47843
4,82.145096,101.749016
4,101.564705,114.87059
4,88.4902,95.09804
4,93.21176,99.68627
4,82.30981,100.69804
4,101.92157,106.23529
4,92.32549,116.47843
4,97.36863,114.39216
4,84.117645,97.40392
4,99.24313,110.89412
4,104.50588,114.462746
4,90.18039,100.70588
4,91.780396,105.56078
4,90.02745,96.47843
4,91.305885,96.807846
4,90.17255,94.71372
4,92.89804,114.407845
4,94.84706,112.69804
4,103.08235,110.988235
4,97.39608,107.42745
4,86.07059,110.87843
4,102.58431,114.831375
4,93.41569,97.03529
4,97.12549,93.63137
4,87.039215,108.43137
4,94.18431,97.694115
4,89.13725,93.62353
4,97.48235,95.592155
4,86.87059,115.41961
4,99.643135,99.55294
4,96.117645,103.670586
4,95.666664,111.55294
4,88.52157,97.30196
4,89.26275,110.71372
4,102.4,107.40392
4,84.82745,104.87059
4,106.89804,112.43922
4,86.05098,101.50588
4,93.82353,102.65098
4,84.666664,98.90196
4,99.90196,107.09804
4,91.51765,98.67451
4,101.223526,105.10588
4,100.37647,99.254906
4,103.85098,105.39608
4,92.02353,109.435295
4,98.12157,113.91373
4,102.83922,116.04706
4,103.831375,108.752945
4,102.73333,108.96471
4,99.13725,117.15294
4,95.84706,110.0
4,96.250984,94.564705
4,97.79216,109.58431
4,102.1098,109.01961
4,89.4902,108.92549
4,99.145096,109.458824
4,96.40392,94.219604
4,108.55294,105.12157
4,92.24313,95.2
4,97.91765,96.86275
4,98.20784,105.13725
4,97.6,98.721565
4,92.14902,108.82353
4,90.8,91.02745
4,83.18431,104.90196
4,108.95686,100.564705
4,95.247055,96.831375
4,98.329414,105.192154
4,86.56863,110.462746
4,98.90196,116.039215
4,87.721565,95.30196
4,98.84314,100.24313
4,89.02745,110.41569
4,97.76471,100.33726
4,88.13333,100.04706
4,94.196075,93.7098
4,99.72941,100.69804
4,100.14902,116.83922
4,100.858826,108.933334
4,97.81177,101.278435
4,103.60392,109.70196
4,95.7098,104.305885
4,96.91765,109.66274
4,106.44314,105.38824
4,92.29804,96.29804
4,86.79216,102.486275
4,94.721565,117.18431
4,99.933334,103.90588
4,100.541176,112.854904
4,99.960785,105.86667
4,96.63921,111.47451
4,91.458824,110.89412
4,81.643135,103.87451
4,88.3451,98.37647
4,91.937256,100.22745
4,93.82745,91.81177
4,96.90588,115.10588
4,92.278435,101.55294
4,85.168625,106.03137
4,102.09804,110.58039
4,99.411766,113.99216
4,96.23529,104.831375
4,88.02745,110.541176
4,101.24313,101.58431
4,84.28236,102.86275
4,96.278435,111.937256
4,97.26275,106.22745
4,93.31373,107.07451
4,93.0,109.50588
4,99.28628,103.247055
4,86.62745,103.62353
4,83.82745,101.01961
4,104.42745,95.31765
4,90.333336,102.73725
4,96.04706,112.2902
4,87.223526,106.53333
4,89.37647,115.11372
4,101.4902,108.32157
4,103.60392,99.72549
4,81.90588,107.67843
4,88.15686,108.39216
4,86.29412,106.70588
4,90.64706,107.7098
4,90.95294,99.50588
4,101.29804,101.27059
4,87.64706,110.988235
4,91.89804,114.062744
4,88.3451,111.36471
4,92.84314,112.36079
4,86.36863,112.87843
4,91.43922,114.79216
4,96.7098,101.20784
4,96.56078,99.48235
4,97.18039,113.26275
4,93.933334,90.619606
4,85.721565,112.17255
4,99.48235,116.909805
4,85.44706,108.43137
4,94.73725,98.37647
4,90.82353,102.49412
4,86.411766,97.26275
4,90.92941,117.513725
4,105.30981,107.780396
4,94.86667,101.60784
4,92.81961,117.57647
4,86.592155,108.94902
4,87.00784,93.82745
4,86.00784,113.72549
4,98.35294,110.84706
4,85.384315,114.02353
4,86.219604,95.56078
4,92.062744,90.37647
4,84.87843,99.63137
4,84.4902,110.91765
4,95.407845,106.79216
4,102.33726,96.55686
4,81.8353,107.356865
4,87.28236,108.17255
4,87.117645,105.6549
4,86.96471,104.27451
4,106.384315,102.65098
4,92.47059,103.84314
4,85.96471,97.5451
4,100.23137,96.933334
4,99.4549,115.77255
4,100.615685,99.29412
4,89.04706,109.56078
4,85.192154,96.55686
4,99.65882,99.86667
4,92.51765,117.08235
4,96.29804,102.98039
4,99.807846,111.435295
4,102.01961,113.05882
4,91.08235,92.1647
4,86.18039,102.721565
4,93.141174,100.15686
4,105.86667,100.141174
4,102.10196,111.31765
4,85.8353,108.03137
4,83.63529,99.30981
4,97.48235,106.67451
4,89.12549,96.141174
4,95.07059,112.33726
4,99.937256,96.28236
4,96.988235,101.32549
4,84.03137,99.52157
4,89.066666,112.61176
4,83.14902,101.34902
4,102.39608,107.48235
4,91.2902,91.58431
4,83.380394,97.592155
4,97.38824,117.75687
4,106.08235,98.39216
4,93.8,113.82745
4,86.26667,111.72549
4,98.77255,106.44706
4,104.60784,106.721565
4,84.47059,101.87451
4,98.40392,98.196075
4,93.46667,97.58431
4,95.15686,114.831375
4,83.2,100.63529
4,102.592155,110.909805
4,86.752945,97.803925
4,88.78432,95.02745
4,101.803925,105.537254
4,89.30981,107.76471
4,98.356865,99.8902
4,97.9451,110.0549
4,86.89804,106.82353
4,98.51765,107.30981
4,87.85098,104.47843
4,100.6,98.62745
4,89.17255,92.84706
4,83.12157,103.247055
4,94.4,105.21568
4,106.48235,108.117645
4,95.88628,95.05882
4,102.15294,109.458824
4,89.68235,100.36079
4,93.13333,113.05882
4,88.65098,108.305885
4,82.87451,100.70588
4,105.55686,112.28236
4,107.87843,103.05882
4,95.44706,114.117645
4,101.31765,113.04314
4,90.34902,115.37255
4,95.537254,102.00784
4,92.1098,98.55686
4,105.03137,93.81177
4,94.39608,110.18823
4,105.17647,101.81177
4,97.62745,107.066666
4,107.4902,105.13725
4,96.76079,113.11372
4,94.011765,117.435295
4,86.34118,100.83922
4,102.4,107.435295
4,93.63137,99.96863
4,104.86275,111.937256
4,98.52549,114.94118
4,101.87451,101.92157
4,82.13333,103.10588
4,95.196075,107.86667
4,98.50196,111.145096
4,91.776474,104.24313
4,87.882355,102.25883
4,98.92157,101.8353
4,101.882355,111.6
4,83.37255,100.35294
4,99.69019,98.33726
4,85.278435,112.854904
4,105.43137,112.23529
4,103.79608,111.34118
4,99.486275,92.13333
4,99.81961,110.28236
4,83.52157,96.854904
4,100.305885,105.52941
4,98.45098,112.745094
4,98.12157,115.670586
4,91.70196,115.28628
4,95.73725,102.47843
4,97.97647,109.63921
4,93.97255,98.39216
4,83.35294,105.92157
4,99.60392,111.63137
4,90.79608,97.247055
4,100.04706,116.062744
4,89.5098,95.63137
4,87.48235,93.32549
4,98.7098,115.670586
4,101.63137,116.3451
4,92.4549,108.91765
4,91.39216,93.60784
4,87.31765,114.79216
4,92.33726,95.694115
4,87.08235,98.44706
4,96.47451,110.250984
4,89.1647,107.91373
4,87.90196,101.356865
4,102.1098,95.82745
4,93.78824,109.81961
4,85.31373,103.12941
4,84.25883,96.4549
4,92.1647,112.73725
4,96.18823,99.96863
4,97.70196,109.99216
4,82.13333,106.36079
4,103.79216,102.94118
4,101.537254,104.76863
4,86.89412,93.192154
4,96.71372,110.03137
4,101.619606,101.30196
4,87.56078,111.247055
4,100.81961,117.07451
4,90.356865,93.55294
4,86.02745,104.015686
4,86.18823,112.65098
4,99.3451,113.694115
4,101.356865,101.247055
4,90.55686,111.6
4,82.49804,98.98039
4,84.07451,101.960785
4,91.18431,101.86667
4,97.52549,104.752945
4,84.81961,109.13725
4,83.4549,102.31373
4,92.68627,94.61176
4,87.10588,104.305885
4,106.20392,110.745094
4,96.39216,95.803925
4,104.86667,113.67843
4,103.513725,99.780396
4,91.63529,107.694115
4,95.04706,108.22745
4,88.00392,109.95294
4,100.015686,100.03137
4,96.07843,99.45098
4,86.8353,104.486275
4,97.95686,106.18039
4,93.62353,116.71372
4,103.79216,102.5098
4,98.462746,111.17647
4,93.76079,107.537254
4,95.78432,100.18823
4,103.37255,112.384315
4,91.18039,112.44706
4,84.23921,99.8353
4,104.854904,110.89412
4,103.333336,109.333336
4,95.50588,113.00392
4,89.52941,114.854904
4,92.59608,115.30981
4,84.07451,109.52941
4,107.141174,99.82745
4,90.29412,100.51765
4,94.090195,114.89412
4,105.29412,102.04706
4,89.858826,93.05882
4,107.21568,109.670586
4,92.91373,107.63137
4,106.62353,99.92157
4,100.58431,112.97255
4,93.03529,103.00392
4,94.78824,116.79216
4,86.83922,98.62745
4,91.56078,108.8
4,96.61176,103.8902
4,85.588234,94.44706
4,103.933334,97.63137
4,96.117645,114.83922
4,99.5098,113.223526
4,87.5451,94.62745
4,99.97255,108.50196
4,95.407845,108.21176
4,87.21568,94.329414
4,88.48235,103.12941
4,88.937256,115.52157
4,105.71764,113.81177
4,83.02353,109.50588
4,82.40392,105.10588
4,100.89412,113.60784
4,105.18431,95.36471
4,88.38824,99.356865
4,97.4902,93.39608
4,87.63137,95.78824
4,102.20784,114.39216
4,103.47451,98.564705
4,103.537254,103.71764
4,105.94118,107.40392
4,105.97647,100.02353
4,98.062744,117.670586
4,87.858826,95.00392
4,89.67451,105.513725
4,83.07451,110.43137
4,95.92941,117.58431
4,89.72549,95.39608
4,90.2,109.64706
4,104.192154,106.21176
4,93.55686,104.13333
4,103.615685,110.776474
4,84.8353,97.31765
5,97.87843,121.03529
5,103.55686,134.33725
5,108.643135,115.81961
5,107.83922,133.48235
5,108.458824,127.71764
5,88.752945,136.35294
5,102.29412,134.65883
5,93.55686,127.56863
5,92.17255,125.58431
5,93.03137,121.333336
5,93.47059,113.49804
5,93.59608,123.254906
5,84.63137,122.933334
5,101.23137,130.0549
5,98.31373,130.61961
5,101.82745,136.20392
5,95.49804,114.52549
5,87.803925,127.97647
5,91.329414,116.039215
5,101.588234,122.89412
5,86.63921,132.5255
5,106.84706,128.04706
5,93.384315,134.4
5,110.278435,135.67844
5,113.79216,133.16862
5,92.46667,131.69412
5,88.37255,132.25098
5,107.36079,133.44313
5,97.407845,128.50981
5,95.411766,139.09804
5,106.984314,126.65882
5,114.01961,127.28628
5,112.984314,117.513725
5,91.87451,133.91373
5,106.40392,124.71372
5,107.960785,116.63529
5,94.00784,130.61961
5,92.278435,120.039215
5,101.28628,121.537254
5,103.17255,110.14902
5,99.00392,134.56471
5,115.12157,134.4
5,109.380394,123.87451
5,97.45098,111.411766
5,88.52549,123.28628
5,100.78824,126.02353
5,95.458824,121.29412
5,91.807846,136.26666
5,106.81569,133.71765
5,95.86667,127.21568
5,95.411766,129.90588
5,95.94118,137.32549
5,86.75687,124.643135
5,105.31765,135.96078
5,91.39216,125.30981
5,95.564705,139.12941
5,102.486275,125.75687
5,99.40392,117.882355
5,107.72549,119.12157
5,85.94902,130.26666
5,98.11372,128.9804
5,92.2902,132.09412
5,102.92549,133.90588
5,102.63137,122.32157
5,103.43922,138.2196
5,98.18823,129.63922
5,101.04706,122.90196
5,110.25883,111.411766
5,98.462746,134.68236
5,98.011765,131.75687
5,99.88628,110.1098
5,91.70588,124.58039
5,107.47059,128.78432
5,105.74117,129.63922
5,103.52941,129.01176
5,102.72549,118.59608
5,94.12941,137.13725
5,102.615685,122.54902
5,97.94902,141.13725
5,109.23921,130.46274
5,94.305885,117.2
5,103.36471,123.247055
5,103.69804,137.33333
5,104.988235,124.039215
5,108.18823,139.09804
5,97.24313,136.18823
5,100.0,139.60785
5,98.61176,128.69804
5,91.329414,123.458824
5,106.23921,140.98824
5,89.780396,134.01569
5,95.2902,127.52157
5,108.31765,131.70197
5,88.99608,121.15294
5,90.39608,112.71372
5,96.21176,129.23137
5,94.8353,138.48627
5,104.42745,138.49411
5,96.62745,125.435295
5,84.984314,128.47842
5,102.28628,131.21568
5,88.81961,134.88628
5,89.39608,113.27059
5,90.18431,112.909805
5,97.29412,119.12941
5,100.4902,137.20784
5,102.47059,113.02745
5,116.25883,131.35686
5,106.8902,129.70197
5,89.67451,125.36471
5,109.0549,135.33333
5,106.88628,133.21568
5,92.60784,122.666664
5,92.28236,115.15294
5,100.333336,120.541176
5,100.02745,117.77255
5,106.10196,118.0549
5,107.27451,124.94902
5,111.039215,120.462746
5,91.69804,123.26275
5,89.15686,119.2
5,99.84706,121.50588
5,109.04314,123.85098
5,113.219604,120.65882
5,110.066666,139.0196
5,91.95294,116.4
5,103.89412,141.44313
5,96.31373,113.95294
5,93.60784,132.10196
5,94.31373,131.52942
5,92.23529,125.99216
5,96.223526,126.117645
5,102.05098,125.74117
5,100.81961,126.462746
5,116.81569,123.76471
5,90.00784,122.44706
5,117.10196,123.58431
5,106.6,111.40392
5,99.79608,121.05882
5,87.96863,116.13333
5,107.21568,135.6706
5,107.32157,112.09412
5,89.26275,118.721565
5,88.99608,133.44313
5,100.380394,137.21568
5,93.82353,120.564705
5,88.8353,119.23921
5,94.6,122.250984
5,110.909805,123.48235
5,99.37255,131.79608
5,88.26667,117.99216
5,103.24313,138.69804
5,116.592155,118.82353
5,87.36863,120.39216
5,90.17255,126.68235
5,88.65098,131.2
5,100.7098,129.0353
5,97.26275,116.29804
5,92.64706,129.8902
5,85.247055,125.97647
5,89.37255,131.40392
5,107.47059,115.75687
5,95.721565,130.46274
5,108.43922,117.145096
5,93.21568,121.23137
5,95.8902,139.20784
5,95.37647,120.588234
5,98.86275,112.47843
5,110.01961,127.615685
5,99.8,128.38431
5,92.61176,115.56863
5,98.458824,120.305885
5,98.84706,111.55294
5,86.43137,122.1098
5,92.513725,120.76079
5,100.0549,117.011765
5,97.694115,131.63922
5,92.68627,133.82745
5,104.81569,125.72549
5,97.196075,114.89412
5,105.90196,119.79608
5,112.254906,135.49803
5,85.75687,130.79216
5,116.564705,127.31765
5,97.831375,141.04314
5,95.08627,120.8
5,115.278435,133.81961
5,96.45098,116.68235
5,86.0,124.73725
5,100.223526,127.16078
5,105.47059,122.36863
5,89.02745,116.219604
5,103.062744,118.08627
5,94.98039,132.22745
5,88.37255,127.62353
5,91.68627,137.37254
5,88.278435,130.7451
5,90.44314,136.76863
5,102.56863,119.02745
5,99.50196,133.7804
5,100.984314,131.01176
5,112.63529,117.60784
5,109.01961,116.250984
5,104.015686,131.20784
5,92.12941,123.99216
5,92.16078,120.588234
5,88.04314,117.380394
5,93.247055,115.64706
5,91.305885,136.90196
5,89.145096,135.56079
5,111.803925,133.31764
5,104.20784,118.250984
5,95.670586,112.988235
5,96.44314,121.75687
5,115.81961,126.65098
5,102.13725,122.21176
5,107.68627,128.79216
5,85.752945,128.88628
5,94.03529,120.305885
5,90.05098,113.615685
5,104.18431,114.43922
5,94.01961,129.92157
5,109.4,129.55295
5,95.011765,139.64706
5,85.99216,130.54903
5,108.2902,111.81961
5,103.223526,125.81177
5,97.90196,130.57256
5,86.72549,128.24313
5,88.721565,114.22745
5,106.89804,112.67451
5,87.03137,129.81961
5,107.43137,137.59216
5,113.79216,118.3451
5,93.780396,137.0902
5,86.70588,130.77647
5,111.592155,125.278435
5,100.60392,119.72549
5,85.84706,124.305885
5,85.49804,120.196075
5,97.803925,133.80392
5,104.2,123.6549
5,87.37647,126.22745
5,103.51765,129.01176
5,93.27059,124.50196
5,104.95686,137.99216
5,97.2902,138.33725
5,110.86667,137.37254
5,86.09804,129.08235
5,110.54902,128.50981
5,87.04706,123.4902
5,96.26275,136.49411
5,88.12549,118.26667
5,115.145096,124.94902
5,93.05098,125.72549
5,107.5451,115.13725
5,101.12941,122.329414
5,101.31765,135.28627
5,99.75687,118.49412
5,86.71372,125.615685
5,103.91765,139.81961
5,107.09804,140.79216
5,101.68235,138.77647
5,93.5098,123.60784
5,85.92941,125.70196
5,107.01961,122.39216
5,93.96471,128.29019
5,113.55686,135.97647
5,97.909805,136.15686
5,95.858826,129.49019
5,100.51765,132.20392
5,91.4,131.44313
5,98.749016,132.83922
5,104.56863,139.38823
5,89.20392,122.78432
5,105.29804,129.02745
5,86.96471,134.20392
5,102.47451,136.95686
5,109.01961,112.909805
5,95.64706,120.69804
5,101.37255,127.02745
5,99.79216,140.03137
5,88.79608,124.27451
5,90.71372,125.28628
5,103.52941,140.24313
5,92.01961,133.49803
5,106.435295,128.13333
5,105.062744,127.91373
5,94.09804,126.4549
5,107.74117,132.51765
5,95.87843,138.25882
5,93.26667,123.03529
5,113.76471,124.79216
5,85.14902,125.85098
5,99.21176,134.49411
5,104.63529,136.4
5,97.541176,135.4745
5,99.4,115.46667
5,88.42353,118.17255
5,105.13725,129.29411
5,93.356865,132.19608
5,94.97255,125.63921
5,96.250984,132.78432
5,88.94902,131.06667
5,109.18039,128.1098
5,89.28236,117.01961
5,104.58039,109.20784
5,87.807846,133.17647
5,107.803925,127.03529
5,92.83922,137.30196
5,90.50196,120.062744
5,91.721565,116.00784
5,116.10196,130.83138
5,97.8353,110.27451
5,87.8353,119.32549
5,85.666664,120.98039
5,105.94902,122.721565
5,105.615685,135.71765
5,107.7098,113.32549
5,102.6549,137.85883
5,92.20784,133.74118
5,89.65882,115.89804
5,90.141174,132.98824
5,91.91373,128.37646
5,98.08235,139.77255
5,105.8902,131.39607
5,100.250984,113.9451
5,89.486275,136.54118
5,103.89804,128.65099
5,99.07059,125.090195
5,89.25883,119.592155
5,89.71764,135.84314
5,111.26275,114.643135
5,87.458824,121.63137
5,95.6,113.81961
5,100.25883,130.39215
5,95.04314,121.23921
5,92.168625,126.26667
5,103.28236,130.43921
5,93.10196,127.356865
5,89.63137,127.6
5,97.752945,139.79608
5,97.79216,131.31764
5,110.780396,114.92549
5,94.4549,117.82745
5,100.52941,140.78432
5,84.619606,122.141174
5,106.933334,136.71373
5,114.92157,133.79608
5,108.435295,136.69804
5,99.49412,119.882355
5,110.28236,112.91765
5,99.20392,135.84314
5,97.85098,125.42745
5,93.30196,132.14117
5,93.305885,129.45097
5,102.33726,139.4745
5,109.08627,121.75687
5,95.99608,110.81569
5,88.97647,123.56863
5,95.52549,130.29019
5,97.37255,134.80785
5,89.47451,117.23921
5,89.223526,119.62353
5,94.76863,115.99216
5,99.588234,122.72941
5,111.141174,123.95294
5,86.58039,118.666664
5,104.72941,134.30588
5,107.58431,128.48627
5,107.97647,132.75294
5,99.13333,111.37255
5,104.02745,130.14117
5,94.45098,132.7451
5,102.12941,133.35686
5,108.87843,113.223526
5,94.89804,113.380394
5,86.26275,123.458824
5,109.79608,122.988235
5,107.99216,139.30196
5,99.168625,110.52549
5,103.8,125.81961
5,92.5098,131.31764
5,95.85098,131.86667
5,96.6549,131.44313
5,91.20784,128.03922
5,96.1098,122.25883
5,114.55686,131.08235
5,103.79608,130.76079
5,103.15686,136.56471
5,111.721565,131.32549
5,93.78432,136.39215
5,86.30196,120.32157
5,111.55294,137.35686
5,96.76471,116.87059
5,91.04314,127.77255
5,105.062744,113.02745
5,111.18823,128.72157
5,103.07843,139.97647
5,87.44706,130.36078
5,91.694115,121.803925
5,111.07843,130.46274
5,101.54902,137.12157
5,96.81177,138.4
5,96.14902,115.16078
5,91.78824,120.117645
5,110.22745,133.7255
5,101.91765,135.23137
5,86.31373,120.88628
5,107.4549,116.86275
5,89.564705,117.937256
5,102.59608,139.00392
5,101.90196,135.71765
5,93.94902,120.35294
5,96.65882,126.47843
5,103.8902,118.909805
5,105.89804,109.72549
5,94.28236,120.52549
5,84.984314,124.5098
5,113.305885,134.4549
5,104.87451,124.53333
5,97.752945,133.24706
5,95.066666,124.84706
5,103.615685,124.407845
5,107.18039,117.694115
5,115.12157,126.02353
5,99.99216,109.7098
5,90.18823,132.26666
5,103.458824,133.78824
5,107.76079,113.937256
5,98.12941,133.37254
5,103.33726,136.48627
5,87.29412,127.42745
5,88.09412,118.745094
5,114.97647,117.435295
5,102.00784,135.1451
5,99.04314,127.01961
5,95.12941,134.62746
5,103.670586,134.3294
5,85.223526,127.16078
5,88.23921,124.63529
5,102.117645,125.960785
5,96.54902,136.38431
5,110.27059,132.25882
5,97.937256,140.46274
5,99.66274,124.88628
5,109.41569,134.20392
5,93.76079,120.36863
5,101.86667,130.25098
5,93.988235,119.34902
5,90.18431,116.32157
5,106.92157,111.17647
5,98.27451,129.96863
5,98.00784,130.65883
5,96.43922,128.32156
5,110.56078,119.17647
5,92.564705,138.18823
5,86.26667,123.4902
5,97.17647,139.4196
5,105.11372,137.86667
5,97.592155,128.6353
5,88.33726,132.6353
5,103.666664,138.51765
5,109.55686,138.04706
5,99.77255,109.31765
5,102.43137,123.62353
5,98.37647,110.541176
5,102.21568,124.07059
5,88.40392,123.13725
5,91.71764,125.55294
5,108.117645,137.0196
5,87.86275,118.015686
5,101.937256,129.53726
5,102.117645,122.541176
5,97.86667,137.52158
5,89.26667,126.062744
5,105.64706,133.45097
5,98.066666,114.43922
5,101.44706,113.29412
5,92.721565,123.67843
5,96.015686,140.95686
5,99.780396,139.23137
5,111.52157,126.65098
5,99.247055,136.87843
5,110.91373,129.91373
5,95.43922,127.91373
5,94.803925,128.79216
5,106.44706,112.35294
5,101.960785,128.83138
5,91.329414,113.984314
5,85.81569,122.69804
5,105.564705,137.33333
5,96.458824,121.192154
5,98.145096,138.26666
5,87.41569,126.87059
5,97.384315,133.57648
5,90.882355,125.694115
5,103.11372,131.26274
5,92.00784,136.08627
5,96.02353,125.05882
5,111.63137,131.57648
5,102.09412,126.3451
5,112.27059,127.2
5,98.69804,114.39216
5,105.329414,110.25883
5,96.89804,126.062744
5,106.615685,118.82353
5,91.20784,126.55686
5,98.062744,126.71372
5,103.98039,122.76863
5,106.4549,117.32549
5,107.39216,120.15686
5,95.803925,136.71373
5,105.9451,132.81569
5,90.039215,116.10196
5,108.15686,139.63922
5,89.5098,124.015686
5,103.937256,136.36862
5,101.619606,117.46667
5,114.1647,134.93333
5,97.31765,126.94118
5,86.015686,121.79608
5,94.71764,120.4549
5,107.55294,119.07451
5,97.278435,112.87059
5,96.14902,131.85883
5,96.14902,117.41961
5,95.16078,120.2902
5,87.537254,130.21176
5,99.31765,137.6706
5,101.854904,132.8549
5,97.67451,123.76471
5,112.05098,133.16078
5,107.192154,132.59608
5,107.3451,138.56471
5,94.21568,118.41569
5,110.062744,130.07843
5,111.55294,124.15686
5,93.59608,136.35294
5,110.141174,129.27843
5,102.588234,140.09412
5,104.26667,140.97255
5,98.333336,129.24706
5,87.117645,116.564705
5,108.694115,139.70197
5,95.70196,134.22745
5,97.68235,125.76471
5,107.81961,126.15686
5,91.619606,124.08627
5,93.117645,120.53333
5,88.82353,128.5255
5,98.23137,135.10588
5,100.6549,118.752945
5,97.18431,129.8353
5,90.0,125.380394
5,109.23137,128.95686
5,109.92549,120.41569
5,92.46667,131.35686
5,86.66274,118.13333
5,90.9451,126.87059
5,92.62745,129.3647
5,85.43137,119.42745
5,100.81569,132.93333
5,105.99216,118.92549
5,108.42353,131.56079
5,104.52941,114.0549
5,105.43922,128.12549
5,91.79608,138.1098
5,109.6549,134.92549
5,104.15294,134.19608
5,84.67843,124.933334
5,105.68627,133.8902
5,113.05098,116.69804
5,110.72549,133.0196
5,99.305885,132.13333
5,101.17255,141.3647
